mob_id	mob_sid	petal_id	petal_sid	tier5	tier6
1	rock	18	heavy	0.01606291604192095	0.9757242583811336
1	rock	77	moon	0.01606291604192095	0.9757242583811336
2	cactus	11	cactus	0.00025801727173310453	0.9833837820783327
3	ladybug	5	rose	0.08887674103723975	
4	bee	6	stinger	0.9406317110261927	0.05936827861675553
4	bee	14	pollen	6.657291247472103e-08	0.9675511228557204
4	bee	21	honey	6.657291247472103e-08	0.9675511228557204
5	ant_baby	22	leaf	1.0693408565622488e-09	0.9595920747839829
5	ant_baby	24	rice	1.0693408565622488e-09	0.9595920747839829
6	ant_worker	22	leaf	1.717741892079628e-11	0.95174915226958
6	ant_worker	25	corn	1.717741892079628e-11	0.95174915226958
7	ant_soldier	46	clover	2.7590105839159274e-13	0.9438697260574312
7	ant_soldier	79	glass	2.7590105839159274e-13	0.9438697260574312
8	ant_queen	49	basil	4.43195266528142e-15	0.9361553041647493
8	ant_queen	51	ant_egg	4.43195266528142e-15	0.9361553041647493
9	ant_hole	41	soil	7.119292886735818e-17	0.9285039336691477
9	ant_hole	73	shovel	7.119292886735818e-17	0.9285039336691477
10	beetle	16	beetle_egg	1.1434898634474193e-18	0.920816952040478
10	beetle	78	privet	1.1434898634474193e-18	0.920816952040478
11	hornet	9	missile	1.836655814592478e-20	0.9131936100846368
11	hornet	17	antennae	1.836655814592478e-20	0.9131936100846368
11	hornet	50	orange	1.836655814592478e-20	0.9131936100846368
12	centipede	22	leaf	2.9506371926976328e-22	0.9058264488785429
12	centipede	44	peas	2.9506371926976328e-22	0.9058264488785429
14	centipede_evil	7	iris	7.61213934911027e-26	0.8908900597682264
14	centipede_evil	10	grapes	7.61213934911027e-26	0.8908900597682264
16	centipede_desert	23	salt	1.9642204248502197e-29	0.8763867535157709
16	centipede_desert	47	powder	1.9642204248502197e-29	0.8763867535157709
19	ladybug_dark	19	yin_yang	8.139104007393438e-35	0.8547999311725426
19	ladybug_dark	38	dahlia	8.139104007393438e-35	0.8547999311725426
20	ladybug_shiny	5	rose	0.462331987852459	
20	ladybug_shiny	30	yggdrasil	1.3075690492098978e-36	0.8479038591650677
20	ladybug_shiny	38	dahlia	1.3075690492098978e-36	0.8479038591650677
21	spider	12	faster	2.100645005464268e-38	0.8410634210052309
21	spider	20	web	2.100645005464268e-38	0.8410634210052309
21	spider	43	third_eye	2.100645005464268e-38	0.8410634210052309
22	scorpion	7	iris	3.373304523223618e-40	0.8339225694993545
22	scorpion	27	pincer	3.373304523223618e-40	0.8339225694993545
23	fire_ant_soldier	28	yucca	5.419304854979472e-42	0.8271949249614814
23	fire_ant_soldier	106	triangle	5.419304854979472e-42	0.8271949249614814
24	fire_ant_burrow	29	magnet	8.706259664621591e-44	0.8205215554878446
24	fire_ant_burrow	72	disc	8.706259664621591e-44	0.8205215554878446
25	sandstorm	26	sand	1.3980879690809328e-45	0.8135551098681935
25	sandstorm	45	stick	1.3980879690809328e-45	0.8135551098681935
25	sandstorm	79	glass	1.3980879690809328e-45	0.8135551098681935
26	bubble	13	bubble	2.246066094280615e-47	0.8069917791809685
26	bubble	48	air	2.246066094280615e-47	0.8069917791809685
27	bumble_bee	14	pollen	3.608365861610163e-49	0.8004813979610717
27	bumble_bee	21	honey	3.608365861610163e-49	0.8004813979610717
27	bumble_bee	96	wax	3.608365861610163e-49	0.8004813979610717
28	shell	29	magnet	5.7944663854982e-51	0.7936850985937457
28	shell	32	pearl	5.7944663854982e-51	0.7936850985937457
28	shell	36	shell	5.7944663854982e-51	0.7936850985937457
29	starfish	23	salt	9.308966792639594e-53	0.7872820686079363
29	starfish	26	sand	9.308966792639594e-53	0.7872820686079363
29	starfish	31	starfish	9.308966792639594e-53	0.7872820686079363
30	crab	26	sand	1.4955106642954846e-54	0.780930694868504
30	crab	35	claw	1.4955106642954846e-54	0.780930694868504
31	jellyfish	33	lightning	2.401554222068175e-56	0.7743003861555471
31	jellyfish	34	jelly	2.401554222068175e-56	0.7743003861555471
32	digger	37	cutter	3.858161736923328e-58	0.768053741737801
32	digger	39	uranium	3.858161736923328e-58	0.768053741737801
33	sponge	40	sponge	6.195599153723959e-60	0.7618574919306985
33	sponge	90	coral	6.195599153723959e-60	0.7618574919306985
34	leech	12	faster	9.953397414790679e-62	0.755389119769157
34	leech	42	fang	9.953397414790679e-62	0.755389119769157
36	dandelion	15	dandelion	2.568901252346552e-65	0.7432501268357313
37	fire_ant_baby	28	yucca	4.1270092590933334e-67	0.7369397361387732
37	fire_ant_baby	112	broccoli	4.1270092590933334e-67	0.7369397361387732
38	fire_ant_worker	25	corn	6.624501064188603e-69	0.7306829223324338
38	fire_ant_worker	28	yucca	6.624501064188603e-69	0.7306829223324338
39	fire_ant_queen	49	basil	1.0642439913184657e-70	0.7250972221082762
39	fire_ant_queen	51	ant_egg	1.0642439913184657e-70	0.7250972221082762
40	ant_egg	51	ant_egg	1.7097367211837101e-72	0.718940954386852
41	fire_ant_egg	51	ant_egg	2.7467382284459203e-74	0.7128369550111089
42	fly	8	wing	4.412709162209432e-76	0.7073876781528458
42	fly	52	poo	4.412709162209432e-76	0.7073876781528458
42	fly	68	talisman	4.412709162209432e-76	0.7073876781528458
43	leafbug	22	leaf	7.089136469511665e-78	0.7013817691564158
43	leafbug	65	root	7.089136469511665e-78	0.7013817691564158
44	mantis	44	peas	1.1379182623082649e-79	0.6954268519202145
44	mantis	64	bur	1.1379182623082649e-79	0.6954268519202145
45	termite_baby	53	relic	1.8280964264409152e-81	0.6901106664669431
45	termite_baby	57	carrot	1.8280964264409152e-81	0.6901106664669431
46	termite_worker	53	relic	2.936886290155547e-83	0.6842514438818257
46	termite_worker	59	plank	2.936886290155547e-83	0.6842514438818257
47	termite_soldier	53	relic	4.7181871564999346e-85	0.6784419676504017
47	termite_soldier	58	bone	4.7181871564999346e-85	0.6784419676504017
48	termite_overmind	53	relic	7.579895113820015e-87	0.6732556230199724
48	termite_overmind	60	tomato	7.579895113820015e-87	0.6732556230199724
48	termite_overmind	71	compass	7.579895113820015e-87	0.6732556230199724
49	termite_mound	41	soil	1.217730624551208e-88	0.6675395042239073
49	termite_mound	53	relic	1.217730624551208e-88	0.6675395042239073
49	termite_mound	62	rubber	1.217730624551208e-88	0.6675395042239073
50	termite_egg	51	ant_egg	1.9546497955365798e-90	0.6618719167924134
50	termite_egg	70	amulet	1.9546497955365798e-90	0.6618719167924134
51	bush	56	cotton	3.140197693871523e-92	0.6568122417938619
51	bush	97	golden_leaf	3.140197693871523e-92	0.6568122417938619
51	bush	99	monstera	3.140197693871523e-92	0.6568122417938619
52	roach	17	antennae	5.044812414843199e-94	0.6512357316654155
52	roach	54	lotus	5.044812414843199e-94	0.6512357316654155
53	moth	8	wing	8.104627408333455e-96	0.6457065675869262
53	moth	55	bulb	8.104627408333455e-96	0.6457065675869262
54	firefly	8	wing	1.3020302841252415e-97	0.640770468481447
54	firefly	55	bulb	1.3020302841252415e-97	0.640770468481447
54	firefly	69	battery	1.3020302841252415e-97	0.640770468481447
55	beetle_hel	16	beetle_egg	2.091746819594708e-99	0.6353301572629203
55	beetle_hel	61	mark	2.091746819594708e-99	0.6353301572629203
55	beetle_hel	67	dice	2.091746819594708e-99	0.6353301572629203
56	wasp	9	missile	3.3575836948769226e-101	0.6299360357294836
56	wasp	17	antennae	3.3575836948769226e-101	0.6299360357294836
56	wasp	63	blood_stinger	3.3575836948769226e-101	0.6299360357294836
58	spider_hel	43	third_eye	8.665685238123395e-105	0.6198130555512958
58	spider_hel	61	mark	8.665685238123395e-105	0.6198130555512958
58	spider_hel	76	card	8.665685238123395e-105	0.6198130555512958
59	centipede_hel	61	mark	1.392165738934367e-106	0.614550678326738
59	centipede_hel	102	domino	1.392165738934367e-106	0.614550678326738
61	wasp_hel	9	missile	3.5930809710024747e-110	0.6046749385970837
61	wasp_hel	61	mark	3.5930809710024747e-110	0.6046749385970837
61	wasp_hel	75	chip	3.5930809710024747e-110	0.6046749385970837
63	gambler	67	dice	9.265583301461005e-114	0.5949579005638826
63	gambler	75	chip	9.265583301461005e-114	0.5949579005638826
63	gambler	76	card	9.265583301461005e-114	0.5949579005638826
63	gambler	80	corruption	9.265583301461005e-114	0.5949579005638826
63	gambler	102	domino	9.265583301461005e-114	0.5949579005638826
65	firefly_magic	69	battery	2.391381290084177e-117	0.5853970139140298
65	firefly_magic	81	orb	2.391381290084177e-117	0.5853970139140298
67	beetle_nazar	66	ankh	6.17198538424425e-121	0.5754988602187021
67	beetle_nazar	92	nazar	6.17198538424425e-121	0.5754988602187021
67	beetle_nazar	117	bean	6.17198538424425e-121	0.5754988602187021
68	worm	41	soil	9.907010380825242e-123	0.5706127222652477
68	worm	73	shovel	9.907010380825242e-123	0.5706127222652477
70	mecha_flower	69	battery	2.556929063272794e-126	0.5609645479643084
70	mecha_flower	93	mimic	2.556929063272794e-126	0.5609645479643084
70	mecha_flower	94	mjolnir	2.556929063272794e-126	0.5609645479643084
70	mecha_flower	98	cog	2.556929063272794e-126	0.5609645479643084
71	wasp_mecha	69	battery	4.1042745867047285e-128	0.557151111743754
71	wasp_mecha	94	mjolnir	4.1042745867047285e-128	0.557151111743754
71	wasp_mecha	95	mecha_missile	4.1042745867047285e-128	0.557151111743754
71	wasp_mecha	100	mecha_antennae	4.1042745867047285e-128	0.557151111743754
72	spider_mecha	69	battery	6.599252427900773e-130	0.5524207510409255
72	spider_mecha	94	mjolnir	6.599252427900773e-130	0.5524207510409255
72	spider_mecha	107	electric_web	6.599252427900773e-130	0.5524207510409255
72	spider_mecha	116	goggles	6.599252427900773e-130	0.5524207510409255
73	leafbug_shiny	65	root	1.059284139416404e-131	0.5477305523550201
73	leafbug_shiny	97	golden_leaf	1.059284139416404e-131	0.5477305523550201
74	crab_mecha	29	magnet	1.7032202108351495e-133	0.5430801746998629
74	crab_mecha	69	battery	1.7032202108351495e-133	0.5430801746998629
74	crab_mecha	94	mjolnir	1.7032202108351495e-133	0.5430801746998629
74	crab_mecha	101	laser	1.7032202108351495e-133	0.5430801746998629
76	barrel	39	uranium	4.388400533671884e-137	0.5338975329878274
76	barrel	94	mjolnir	4.388400533671884e-137	0.5338975329878274
77	beetle_mummy	66	ankh	7.05609779366574e-139	0.5302680982976146
77	beetle_mummy	103	bandage	7.05609779366574e-139	0.5302680982976146
77	beetle_mummy	113	lentil	7.05609779366574e-139	0.5302680982976146
78	beetle_pharaoh	66	ankh	1.1326150280422878e-140	0.525765981508686
78	beetle_pharaoh	103	bandage	1.1326150280422878e-140	0.525765981508686
78	beetle_pharaoh	104	pharaoh_crown	1.1326150280422878e-140	0.525765981508686
79	tomb	66	ankh	1.8211287545082404e-142	0.5213020888853185
79	tomb	105	totem	1.8211287545082404e-142	0.5213020888853185
79	tomb	111	dust	1.8211287545082404e-142	0.5213020888853185
80	silverfish	110	clay	2.923198990553667e-144	0.5168760958942086
80	silverfish	111	dust	2.923198990553667e-144	0.5168760958942086
81	garbage	52	poo	4.700204044206019e-146	0.512487680757427
81	garbage	112	broccoli	4.700204044206019e-146	0.512487680757427
82	ant_soldier_diver	13	bubble	7.544569091832615e-148	0.5081365244290245
82	ant_soldier_diver	114	dead_leaf	7.544569091832615e-148	0.5081365244290245
